id;street;city;state;postal_code
1;Reilly Ridges;Valentinside;Versatile Lilangeni Frozen;Rubber Kansas synthesizing
2;Harvey Lane;Altenwerthfort;withdrawal;Architect South Dakota JSON
3;Kuhic Parkways;Cronaborough;convergence;Health copy
4;Chadrick Garden;Robelberg;Kids;Tasty microchip Awesome Wooden Table
5;Ole Dam;Lake Jerrold;invoice China;generating Guyana Dollar
6;Gutmann Summit;Tyreekview;Pizza;Expanded
7;Ona Mountains;South Nora;Personal Loan Account;driver Alaska contextually-based
8;Simonis Ridges;VonRuedenside;National Avon;Orchestrator calculating
9;Russel Fords;Strackehaven;Shirt;systemic alarm
10;Isabelle Flat;Camrynfort;morph bus;azure projection calculating
